Артикул(SKU),Наименование
100068,Apple iPad mini 6 Wi-Fi 64Gb Starlight
100069,Apple iPad mini 6 Wi-Fi 64Gb Purple
100164,Apple iPad mini 6 Wi-Fi 64Gb Space Gray
101275, Планшет Apple iPad Mini (2021) 6 256 GB  LTE Pink  
101276, Планшет Apple iPad Mini (2021) 6 256 GB  Wi-Fi Pink  
101267,Планшет Apple iPad mini 7 (2024) 256Gb Wi-Fi Purple
101268,Планшет Apple iPad mini 7 (2024) 256Gb Wi-Fi Starlight
101269,Планшет Apple iPad mini 7 (2024) 256Gb Wi-Fi Blue
101270,Планшет Apple iPad mini 7 (2024) 256Gb Wi-Fi Space Gray
101271,Планшет Apple iPad mini 7 (2024) 256Gb LTE Purple
101272,Планшет Apple iPad mini 7 (2024) 256Gb LTE Starlight
101273,Планшет Apple iPad mini 7 (2024) 256Gb LTE Blue
101274,Планшет Apple iPad mini 7 (2024) 256Gb LTE Space Gray
100333,"Apple iPad Air 11 2024 M2, 128 GB, Wi-Fi, iPadOS, Starlight"
100334,"Apple iPad Air 11 2024 M2, 128 GB, Wi-Fi, iPadOS, blue"
100335,"Apple iPad Air 11 2024 M2, 128 GB, Wi-Fi, iPadOS, purple"
100336,"Apple iPad Air 11 2024 M2, 128 GB, Wi-Fi, iPadOS, space gray"
100337,"Apple iPad Air 11 2024 M2, 256 GB, Wi-Fi, iPadOS, space gray"
100338,"Apple iPad Air 11 2024 M2, 256 GB, Wi-Fi, iPadOS, purple"
100339,"Apple iPad Air 11 2024 M2, 256 GB, Wi-Fi, iPadOS, blue"
100340,"Apple iPad Air 11 2024 M2, 256 GB, Wi-Fi, iPadOS, Starlight"
100341,"Apple iPad Air 11 2024 M2, 512 GB, Wi-Fi, iPadOS, Starlight"
100342,"Apple iPad Air 11 2024 M2, 512 GB, Wi-Fi, iPadOS, blue"
100343,"Apple iPad Air 11 2024 M2, 512 GB, Wi-Fi, iPadOS, purple"
100344,"Apple iPad Air 11 2024 M2, 512 GB, Wi-Fi, iPadOS, space gray"
100345,"Apple iPad Air 11 2024 M2, 1 TB, Wi-Fi, iPadOS, space gray"
100346,"Apple iPad Air 11 2024 M2, 1 TB, Wi-Fi, iPadOS, purple"
100347,"Apple iPad Air 11 2024 M2, 1 TB, Wi-Fi, iPadOS, blue"
100348,"Apple iPad Air 11 2024 M2, 1 TB, Wi-Fi, iPadOS, Starlight"
100376,"Apple iPad Air 13 2024 M2, 256 Gb, Wi-Fi, iPadOS, Starlight"
100377,"Apple iPad Air 13 2024 M2, 256 Gb, Wi-Fi, iPadOS, blue"
100378,"Apple iPad Air 13 2024 M2, 256 Gb, Wi-Fi, iPadOS, space gray"
100379,"Apple iPad Air 13 2024 M2, 256 Gb, Wi-Fi, iPadOS, purple"
100380,"Apple iPad Air 13 2024 M2, 512 Gb, Wi-Fi, iPadOS, space gray"
100381,"Apple iPad Air 13 2024 M2, 512 Gb, Wi-Fi, iPadOS, purple"
100382,"Apple iPad Air 13 2024 M2, 512 Gb, Wi-Fi, iPadOS, Starlight"
100383,"Apple iPad Air 13 2024 M2, 512 Gb, Wi-Fi, iPadOS, blue"
100384,"Apple iPad Air 13 2024 M2, 1 TB, Wi-Fi, iPadOS, Starlight"
100385,"Apple iPad Air 13 2024 M2, 1 TB, Wi-Fi, iPadOS, space gray"
100386,"Apple iPad Air 13 2024 M2, 1 TB, Wi-Fi, iPadOS, purple"
100387,"Apple iPad Air 13 2024 M2, 1 TB, Wi-Fi, iPadOS, blue"
100388,"Apple iPad Air 13 2024 M2, 128 GB, Wi-Fi, iPadOS, space gray"
100389,"Apple iPad Air 13 2024 M2, 128 GB, Wi-Fi, iPadOS, blue"
100390,"Apple iPad Air 13 2024 M2, 128 GB, Wi-Fi, iPadOS, purple"
100391,"Apple iPad Air 13 2024 M2, 128 GB, Wi-Fi, iPadOS, Starlight"
100321,"Apple iPad Pro 11 2024 M4, 256 GB, Wi-Fi, Silver"
100322,"Apple iPad Pro 11 2024 M4, 256 GB, Wi-Fi, Space Black"
100326,"Apple iPad Pro 11 2024 M4, 256 GB, LTE, space gray"
100327,"Apple iPad Pro 11 2024 M4, 256 GB, LTE, silver"
100315,"Apple iPad Pro 13 2024, 1 TB, LTE, nano glass, iPadOS, Silver"
100316,"Apple iPad Pro 13 2024, 1 TB, LTE, standard glass, iPadOS, space black"
100317,"Apple iPad Pro 13 2024, 512 GB, LTE, standard glass, iPadOS, Silver"
100318,"Apple iPad Pro 13 2024, 2 TB, LTE, standard glass, iPadOS, space black"
100319,"Apple iPad Pro 13 2024, 2 TB, Wi-Fi, nano glass, iPadOS, space black"
100320,"Apple iPad Pro 13 2024, 1 TB, Wi-Fi, nano glass, iPadOS, space black"
100323,"Apple iPad Pro 13 2024 M4, 256 GB, Wi-Fi, Silver"
100324,"Apple iPad Pro 13 2024 M4, 256 GB, Wi-Fi, Space Black"
100325,"Apple iPad Pro 13 2024 M4, 256 GB, LTE, space black"
100396,"Apple iPad Pro 13 2024 M4, 512 Gb, Wi-Fi, iPadOS, Silver"
100397,"Apple iPad Pro 13 2024 M4, 512 Gb, Wi-Fi, iPadOS, space black"
101385," Apple iPad Air 11"" (2025) M3 128GB WiFi Blue"
101390," Apple iPad Air 11"" (2025) M3 128GB WiFi  Purple"
101391," Apple iPad Air 11"" (2025) M3 128GB WiFi  Starlight"
101392," Apple iPad Air 11"" (2025) M3 128GB WiFi   Space Gray "
101389,Apple iPad Air 11 M3 (2025) 128GB Wi-Fi + Cellular Blue 
101393,Apple iPad Air 11 M3 (2025) 128GB Wi-Fi + Cellular  Purple 
101394,Apple iPad Air 11 M3 (2025) 128GB Wi-Fi + Cellular  Starlight
101395,Apple iPad Air 11 M3 (2025) 128GB Wi-Fi + Cellular  Space Gray 
101396,Apple iPad Air 11 M3 256GB Blue Wi-Fi
101397,Apple iPad Air 11 M3 256GB Purple Wi-Fi
101398,Apple iPad Air 11 M3 256GB Starlight Wi-Fi
101399,Apple iPad Air 11 M3 256GB Space Gray Wi-Fi
101400,Apple iPad Air 11 M3 256GB Blue LTE
101401,Apple iPad Air 11 M3 256GB Purple LTE 
101402,Apple iPad Air 11 M3 256GB Starlight LTE
101403,Apple  iPad Air 11 M3 256GB Space Gray LTE 
100296,"iPhone 14 128Gb blue, Dual: nano SIM + eSIM"
100297,"iPhone 14 128Gb starlight, Dual: nano SIM + eSIM"
100298,"iPhone 14 128Gb purple, Dual: nano SIM + eSIM"
100299,"iPhone 14 128Gb midnight, Dual: nano SIM + eSIM"
100300,"iPhone 14 256Gb starlight, Dual: nano SIM + eSIM"
100301,"iPhone 14 256Gb midnight, Dual: nano SIM + eSIM"
100302,"iPhone 14 256Gb blue, Dual: nano SIM + eSIM"
100303,"iPhone 14 256Gb purple, Dual: nano SIM + eSIM"
100304,"iPhone 14 256Gb red, Dual: nano SIM + eSIM"
100305,"iPhone 14 plus 128Gb starlight, Dual: nano SIM + eSIM"
100306,"iPhone 14 plus 128Gb midnight, Dual: nano SIM + eSIM"
100307,"iPhone 14 plus 128Gb blue, Dual: nano SIM + eSIM"
100308,"iPhone 14 plus 128Gb purple, Dual: nano SIM + eSIM"
100309,"iPhone 14 plus 128Gb red, Dual: nano SIM + eSIM"
100310,"iPhone 14 plus 256Gb starlight, Dual: nano SIM + eSIM"
100311,"iPhone 14 plus 256Gb midnight, Dual: nano SIM + eSIM"
100312,"iPhone 14 plus 256Gb blue, Dual: nano SIM + eSIM"
100313,"iPhone 14 plus 256Gb purple, Dual: nano SIM + eSIM"
100314,"iPhone 14 plus 256Gb red, Dual: nano SIM + eSIM"
1,"iPhone 15 128Gb Black, Dual: nano SIM + eSIM"
d4u-iphone15-128-blue,"iPhone 15 128Gb Blue, Dual: nano SIM + eSIM"
d4u-iphone15-128-green,"iPhone 15 128Gb Green, Dual: nano SIM + eSIM"
d4u-iphone15-128-pink,"iPhone 15 128Gb Pink, Dual: nano SIM + eSIM"
d4u-iphone15-128-yellow,"iPhone 15 128Gb yellow, Dual: nano SIM + eSIM"
d4u-iphone-15-256-black,"iPhone 15 256Gb Black, Dual: nano SIM + eSIM"
d4u-iphone15-256-blue,"iPhone 15 256Gb Blue, Dual: nano SIM + eSIM"
d4u-iphone15-256-green,"iPhone 15 256Gb Green, Dual: nano SIM + eSIM"
d4u-iphone15-256-pink,"iPhone 15 256Gb Pink, Dual: nano SIM + eSIM"
d4u-iphone15-256-yellow,"iPhone 15 256Gb yellow, Dual: nano SIM + eSIM"
d4u-iphone15-512-black,"iPhone 15 512Gb Black, Dual: nano SIM + eSIM"
d4u-iphone15-512-blue,"iPhone 15 512Gb Blue, Dual: nano SIM + eSIM"
d4u-iphone15-512-green,"iPhone 15 512Gb Green, Dual: nano SIM + eSIM"
d4u-iphone15-512-pink,"iPhone 15 512Gb Pink, Dual: nano SIM + eSIM"
d4u-iphone15-512-yellow,"iPhone 15 512Gb yellow, Dual: nano SIM + eSIM"
d4u-iphone15-plus-128-black,"iPhone 15 Plus 128Gb Black, Dual: nano SIM + eSIM"
d4u-iphone15-plus-128-blue,"iPhone 15 Plus 128Gb Blue, Dual: nano SIM + eSIM"
d4u-iphone15-plus-128-green,"iPhone 15 Plus 128Gb Green, Dual: nano SIM + eSIM"
d4u-iphone15-plus-128-pink,"iPhone 15 Plus 128Gb Pink, Dual: nano SIM + eSIM"
d4u-iphone15-plus-128-yellow,"iPhone 15 Plus 128Gb Yellow, Dual: nano SIM + eSIM"
d4u-iphone15-plus-256-black,"iPhone 15 Plus 256Gb Black, Dual: nano SIM + eSIM"
d4u-iphone15-plus-256-blue,"iPhone 15 Plus 256Gb Blue, Dual: nano SIM + eSIM"
d4u-iphone15-plus-256-green,"iPhone 15 Plus 256Gb Green, Dual: nano SIM + eSIM"
d4u-iphone15-plus-256-pink,"iPhone 15 Plus 256Gb Pink, Dual: nano SIM + eSIM"
d4u-iphone15-plus-256-yellow,"iPhone 15 Plus 256Gb Yellow, Dual: nano SIM + eSIM"
d4u-iphone15-plus-512-black,"iPhone 15 Plus 512Gb Black, Dual: nano SIM + eSIM"
d4u-iphone15-plus-512-blue,"iPhone 15 Plus 512Gb Blue, Dual: nano SIM + eSIM"
d4u-iphone15-plus-512-green,"iPhone 15 Plus 512Gb Green, Dual: nano SIM + eSIM"
d4u-iphone15-plus-512-pink,"iPhone 15 Plus 512Gb Pink, Dual: nano SIM + eSIM"
d4u-iphone15-plus-512-yellow,"iPhone 15 Plus 512Gb yellow, Dual: nano SIM + eSIM"
d4u-iphone15-pro-128-black,"iPhone 15 Pro 128Gb Black Titanium, Dual: nano SIM + eSIM"
d4u-iphone15-pro-128-blue,"iPhone 15 Pro 128Gb Blue Titanium, Dual: nano SIM + eSIM"
d4u-iphone15-pro-128-grey,"iPhone 15 Pro 128Gb Natural Titanium, Dual: nano SIM + eSIM"
d4u-iphone15-pro-128-white,"iPhone 15 Pro 128Gb White Titanium, Dual: nano SIM + eSIM"
d4u-iphone15-pro-256-black,"iPhone 15 Pro 256Gb Black Titanium, Dual: nano SIM + eSIM"
d4u-iphone15-pro-256-blue,"iPhone 15 Pro 256Gb Blue Titanium, Dual: nano SIM + eSIM"
d4u-iphone15-pro-256-grey,"iPhone 15 Pro 256Gb Natural Titanium, Dual: nano SIM + eSIM"
d4u-iphone15-pro-256-white,"iPhone 15 Pro 256Gb White Titanium, Dual: nano SIM + eSIM"
d4u-iphone15-pro-512-black,"iPhone 15 Pro 512Gb Black Titanium, Dual: nano SIM + eSIM"
d4u-iphone15-pro-512-blue,"iPhone 15 Pro 512Gb Blue Titanium, Dual: nano SIM + eSIM"
d4u-iphone15-pro-512-grey,"iPhone 15 Pro 512Gb Natural Titanium, Dual: nano SIM + eSIM"
d4u-iphone15-pro-512-white,"iPhone 15 Pro 512Gb White Titanium, Dual: nano SIM + eSIM"
d4u-iphone15-pro-1024-black,"iPhone 15 Pro 1 TB Black Titanium, Dual: nano SIM + eSIM"
d4u-iphone15-pro-1024-blue,"iPhone 15 Pro 1 TB Blue Titanium, Dual: nano SIM + eSIM"
d4u-iphone15-pro-1024-grey,"iPhone 15 Pro 1 TB Natural Titanium, Dual: nano SIM + eSIM"
d4u-iphone15-pro-1024-white,"iPhone 15 Pro 1 TB White Titanium, Dual: nano SIM + eSIM"
d4u-iphone15-promax-256-black,"iPhone 15 Pro Max 256Gb Black Titanium, Dual: nano SIM + eSIM"
d4u-iphone15-promax-256-blue,"iPhone 15 Pro Max 256Gb Blue Titanium, Dual: nano SIM + eSIM"
d4u-iphone15-promax-256-grey,"iPhone 15 Pro Max 256Gb Natural Titanium, Dual: nano SIM + eSIM"
d4u-iphone15-promax-256-white,"iPhone 15 Pro Max 256Gb White Titanium, Dual: nano SIM + eSIM"
d4u-iphone15-promax-512-black,"iPhone 15 Pro Max 512Gb Black Titanium, Dual: nano SIM + eSIM"
d4u-iphone15-promax-512-blue,"iPhone 15 Pro Max 512Gb Blue Titanium, Dual: nano SIM + eSIM"
d4u-iphone15-promax-512-grey,"iPhone 15 Pro Max 512Gb Natural Titanium, Dual: nano SIM + eSIM"
d4u-iphone15-promax-512-white,"iPhone 15 Pro Max 512Gb White Titanium, Dual: nano SIM + eSIM"
d4u-iphone15-promax-1024-black,"iPhone 15 Pro Max 1 TB Black Titanium, Dual: nano SIM + eSIM"
d4u-iphone15-promax-1024-blue,"iPhone 15 Pro Max 1 TB Blue Titanium, Dual: nano SIM + eSIM"
d4u-iphone15-promax-1024-grey,"iPhone 15 Pro Max 1 TB Natural Titanium, Dual: nano SIM + eSIM"
d4u-iphone15-promax-1024-white,"iPhone 15 Pro Max 1 TB White Titanium, Dual: nano SIM + eSIM"
101013,"iphone 16 pro max 512Gb desert titanium, Dual: nano SIM + eSIM"
101014,"iphone 16 pro max 512Gb natural titanium, Dual: nano SIM + eSIM"
101015,"iphone 16 pro max 512Gb black titanium, Dual: nano SIM + eSIM"
101016,"iphone 16 pro max 512Gb white titanium, Dual: nano SIM + eSIM"
101017,"iphone 16 pro max 256Gb desert titanium, Dual: nano SIM + eSIM"
101018,"iphone 16 pro max 256Gb natural titanium, Dual: nano SIM + eSIM"
101019,"iphone 16 pro max 256Gb black titanium, Dual: nano SIM + eSIM"
101020,"iphone 16 pro max 256Gb white titanium, Dual: nano SIM + eSIM"
101021,"iphone 16 pro max 1TB desert titanium, Dual: nano SIM + eSIM"
101022,"iphone 16 pro max 1TB natural titanium, Dual: nano SIM + eSIM"
101023,"iphone 16 pro max 1TB black titanium, Dual: nano SIM + eSIM"
101024,"iphone 16 pro max 1TB white titanium, Dual: nano SIM + eSIM"
101025,"iphone 16 pro 128Gb desert titanium, Dual: nano SIM + eSIM"
101026,"iphone 16 pro 128Gb natural titanium, Dual: nano SIM + eSIM"
101027,"iphone 16 pro 128Gb black titanium, Dual: nano SIM + eSIM"
101028,"iphone 16 pro 128Gb white titanium, Dual: nano SIM + eSIM"
101029,"iphone 16 pro 256Gb desert titanium, Dual: nano SIM + eSIM"
101030,"iphone 16 pro 256Gb natural titanium, Dual: nano SIM + eSIM"
101031,"iphone 16 pro 256Gb black titanium, Dual: nano SIM + eSIM"
101032,"iphone 16 pro 256Gb white titanium, Dual: nano SIM + eSIM"
101033,"iphone 16 pro 512Gb desert titanium, Dual: nano SIM + eSIM"
101034,"iphone 16 pro 512Gb natural titanium, Dual: nano SIM + eSIM"
101035,"iphone 16 pro 512Gb black titanium, Dual: nano SIM + eSIM"
101036,"iphone 16 pro 512Gb white titanium, Dual: nano SIM + eSIM"
101037,"iphone 16 pro 1TB desert titanium, Dual: nano SIM + eSIM"
101038,"iphone 16 pro 1TB natural titanium, Dual: nano SIM + eSIM"
101039,"iphone 16 pro 1TB black titanium, Dual: nano SIM + eSIM"
101040,"iphone 16 pro 1TB white titanium, Dual: nano SIM + eSIM"
101352,"iphone 16 pro 128Gb desert titanium, Dual: 2 eSIM"
101353,"iphone 16 pro 128Gb natural titanium, Dual: 2 eSIM"
101354,"iphone 16 pro 128Gb black titanium, Dual: 2 eSIM"
101355,"iphone 16 pro 128Gb white titanium, Dual: 2 eSIM"
101356,"iphone 16 pro 256Gb desert titanium, Dual: 2 eSIM"
101357,"iphone 16 pro 256Gb natural titanium, Dual: 2 eSIM"
101358,"iphone 16 pro 256Gb black titanium, Dual: 2 eSIM"
101359,"iphone 16 pro 256Gb white titanium, Dual: 2 eSIM"
101041,"Смартфон Apple iPhone 16 128Gb black, Dual: nano SIM + eSIM"
101042,"Смартфон Apple iPhone 16 128Gb pink, Dual: nano SIM + eSIM"
101043,"Смартфон Apple iPhone 16 128Gb ultramarine, Dual: nano SIM + eSIM"
101044,"Смартфон Apple iPhone 16 128Gb teal, Dual: nano SIM + eSIM"
101045,"Смартфон Apple iPhone 16 128Gb white, Dual: nano SIM + eSIM"
101046,"Смартфон Apple iPhone 16 256Gb black, Dual: nano SIM + eSIM"
101047,"Смартфон Apple iPhone 16 256Gb pink, Dual: nano SIM + eSIM"
101048,"Смартфон Apple iPhone 16 256Gb ultramarine, Dual: nano SIM + eSIM"
101049,"Смартфон Apple iPhone 16 256Gb teal, Dual: nano SIM + eSIM"
101050,"Смартфон Apple iPhone 16 256Gb white, Dual: nano SIM + eSIM"
101051,"Смартфон Apple iPhone 16 plus 128Gb black, Dual: nano SIM + eSIM"
101052,"Смартфон Apple iPhone 16 plus 128Gb pink, Dual: nano SIM + eSIM"
101053,"Смартфон Apple iPhone 16 plus 128Gb ultramarine, Dual: nano SIM + eSIM"
101054,"Смартфон Apple iPhone 16 plus 128Gb teal, Dual: nano SIM + eSIM"
101055,"Смартфон Apple iPhone 16 plus 128Gb white, Dual: nano SIM + eSIM"
101056,Смартфон Apple iPhone 16 Plus 256Gb Black
101057,Смартфон Apple iPhone 16 Plus 256Gb Pink
101058,Смартфон Apple iPhone 16 Plus 256Gb Ultramarine
101059,Смартфон Apple iPhone 16 Plus 256Gb Teal
101060,Смартфон Apple iPhone 16 Plus 256Gb White
101061,Смартфон Apple iPhone 16 Plus 512Gb Black
101062,Смартфон Apple iPhone 16 Plus 512Gb Pink
101063,Смартфон Apple iPhone 16 Plus 512Gb Ultramarine
101064,Смартфон Apple iPhone 16 Plus 512Gb Teal
101065,Смартфон Apple iPhone 16 Plus 512Gb White
101070,"iphone 16 pro max 256Gb desert titanium, Dual: 2 eSIM"
101071,"iphone 16 pro max 256Gb natural titanium, Dual: 2 eSIM"
101072,"iphone 16 pro max 256Gb black titanium, Dual: 2 eSIM"
101073,"iphone 16 pro max 256Gb white titanium, Dual: 2 eSIM"
101348,"iphone 16 pro max 512Gb desert titanium, Dual:  2 eSIM"
101349,"iphone 16 pro max 512Gb natural titanium, Dual: 2 eSIM"
101350,"iphone 16 pro max 512Gb black titanium, Dual:  2 eSIM"
101351,"iphone 16 pro max 512Gb white titanium, Dual: 2 eSIM"
101066,"Смартфон Apple iPhone 16 pro max 256Gb desert titanium/бежевый, Dual: 2 nano SIM"
101067,"Смартфон Apple iPhone 16 pro max 256Gb natural titanium/серый, Dual: 2 nano SIM"
101068," Смартфон Apple iPhone 16 pro max 256Gb black titanium/черный, Dual: 2 nano SIM"
101069,"Смартфон Apple iPhone 16 pro max 256Gb white titanium/белый, Dual: 2 nano SIM"
101310,Смартфон Apple iPhone 16e 8/128 Гб nanoSim + eSim White/Белый
101313,Смартфон Apple iPhone 16e 8/128 Гб nanoSim + eSim Black/Черный
101311,Смартфон Apple iPhone 16e 8/256 Гб nanoSim + eSim White/Белый
101314,Смартфон Apple iPhone 16e 8/256 Гб nanoSim + eSim Black/Черный
101312,Смартфон Apple iPhone 16e 8/512 Гб nanoSim + eSim White/Белый
101315,Смартфон Apple iPhone 16e 8/512 Гб nanoSim + eSim Black/Черный
100437,Pixel 7 Pro 12/128 Obsidian
100438,Pixel 7 Pro 12/128 Snow
100439,Pixel 7 Pro 12/128 Hazel
100440,Pixel 7 Pro 12/256 Snow
100441,Pixel 7 8/256 Obsidian
100431,Pixel 8 8/128 Obsidian
100432,Pixel 8 Pro 12/128 Obsidian
100433,Pixel 8 Pro 12/128 Porcelain
100434,Pixel 8 Pro 12/128 Bay
100435,Pixel 8A 8/256 Obsidian
100436,Pixel 8 8/128 rose
101074,"Pixel 9 12/128Gb, Peony"
101075,"Pixel 9 12/128Gb, Obsidian"
101076,"Pixel 9 12/128Gb, Wintergreen"
101077,"Pixel 9 12/128Gb, Porcelain"
101078,"Pixel 9 12/256Gb, Peony"
101079,"Pixel 9 12/256Gb, Obsidian"
101080,"Pixel 9 12/256Gb, Wintergreen"
101081,"Pixel 9 12/256Gb, Porcelain"
101082,"Pixel 9 Pro 16/128Gb, Roze Quartz"
101083,"Pixel 9 Pro 16/128Gb, Hazel"
101084,"Pixel 9 Pro 16/128Gb, Porcelain"
101085,"Pixel 9 Pro 16/128Gb, Obsidian"
101086,"Pixel 9 Pro 16/256Gb, Roze Quartz"
101087,"Pixel 9 Pro 16/256Gb, Hazel"
101088,"Pixel 9 Pro 16/256Gb, Porcelain"
101089,"Pixel 9 Pro 16/256Gb, Obsidian"
101098,"Pixel 9 Pro XL16/128Gb, Roze Quartz"
101099,"Pixel 9 Pro XL16/128Gb, Hazel"
101100,"Pixel 9 Pro XL16/128Gb, Porcelain"
101101,"Pixel 9 Pro XL16/128Gb, Obsidian"
101102,"Pixel 9 Pro XL16/256Gb, Roze Quartz"
101103,"Pixel 9 Pro XL16/256Gb, Hazel"
101104,"Pixel 9 Pro XL16/256Gb, Porcelain"
101105,"Pixel 9 Pro XL16/256Gb, Obsidian"
101106,"Pixel 9 Pro XL16/512Gb, Roze Quartz"
101107,"Pixel 9 Pro XL16/512Gb, Hazel"
101108,"Pixel 9 Pro XL16/512Gb, Porcelain"
101109,"Pixel 9 Pro XL16/512Gb, Obsidian"
101174,"Samsung Galaxy A55 8/128GB, Lemon"
101175,"Samsung Galaxy A55 8/128GB, Lilac"
101176,"Samsung Galaxy A55 8/128GB, Navy"
101177,"Samsung Galaxy A55 8/128GB, IceBlue"
101178,"Samsung Galaxy A55 8/256GB, Lemon"
101179,"Samsung Galaxy A55 8/256GB, Lilac"
101180,"Samsung Galaxy A55 8/256GB, Navy"
101181,"Samsung Galaxy A55 8/256GB, IceBlue"
101182,"Samsung Galaxy A55 12/128GB, Lemon"
101183,"Samsung Galaxy A55 12/128GB, Lilac"
101184,"Samsung Galaxy A55 12/128GB, Navy"
101185,"Samsung Galaxy A55 12/128GB, IceBlue"
101186,"Samsung Galaxy A55 12/256GB, Lemon"
101187,"Samsung Galaxy A55 12/256GB, Lilac"
101188,"Samsung Galaxy A55 12/256GB, Navy"
101189,"Samsung Galaxy A55 12/256GB, IceBlue"
101407,"Смартфон Samsung Galaxy A56 8/128GB, Dual: nano SIM + eSIM, Graphite (Черный)"
101408,"Смартфон Samsung Galaxy A56 8/128Gb. Dual nano SIM + eSIM, Lightgray (Светло-Серый)"
101409,"Смартфон Samsung Galaxy A56 8/128GB, Dual: nano SIM + eSIM, Pink (Розовый)"
101410,"Смартфон Samsung Galaxy A56 8/128GB, Dual: nano SIM + eSIM, Olive (Зеленый)"
100138,Samsung Galaxy s24 8Gb/128Gb black onyx
100139,Samsung Galaxy s24 8Gb/128Gb marble gray
100140,Samsung Galaxy s24 8Gb/128Gb cobalt violet
100141,Samsung Galaxy s24 8Gb/128Gb Amber yellow
100142,Samsung Galaxy s24 8Gb/256Gb Amber yellow
100143,Samsung Galaxy s24 8Gb/256Gb cobalt violet
100144,Samsung Galaxy s24 8Gb/256Gb marble gray
100145,Samsung Galaxy s24 8Gb/256Gb black onyx
100146,Samsung Galaxy s24 ultra 12Gb/256Gb titanium gray
100147,Samsung Galaxy s24 ultra 12Gb/256Gb titanium yellow
100148,Samsung Galaxy s24 ultra12Gb/256Gb titanium violet
100149,Samsung Galaxy s24 ultra 12Gb/256Gb titanium black
100150,Samsung Galaxy s24 ultra 12Gb/512Gb titanium black
100151,Samsung Galaxy s24 ultra12Gb/512Gb titanium violet
100152,Samsung Galaxy s24 ultra12Gb/512Gb titanium yellow
100153,Samsung Galaxy s24 ultra 12Gb/512Gb titanium gray
100154,Samsung Galaxy s24 plus 12Gb/256Gb Amber yellow
100155,Samsung Galaxy s24 plus 12Gb/256Gb cobalt violet
100156,Samsung Galaxy s24 plus 12Gb/256Gb marble gray
100157,Samsung Galaxy s24 plus 12Gb/256Gb black onyx
100158,Samsung Galaxy s24 plus 12Gb/512Gb Amber yellow
100159,Samsung Galaxy s24 plus 12Gb/512Gb cobalt violet
100160,Samsung Galaxy s24 plus 12Gb/512Gb marble gray
100161,Samsung Galaxy s24 plus 12Gb/512Gb black onyx
101282,Samsung Galaxy S25 12/256 Navy
101283,Samsung Galaxy S25 12/256 Icyblue
101284,Samsung Galaxy S25 12/256 Silver
101285,Samsung Galaxy S25 12/256 Mint
101286,Samsung Galaxy S25 12/512 Mint
101287,Samsung Galaxy S25 12/512 Silver
101288,Samsung Galaxy S25 12/512 Icyblue
101289,Samsung Galaxy S25 12/512 Navy
101290,Samsung Galaxy S25 Plus 12/256 Icyblue
101291,Samsung Galaxy S25 Plus 12/256 Silver
101292,Samsung Galaxy S25 Plus 12/256 Mint
101293,Samsung Galaxy S25 Plus 12/256 Navy
101294,Samsung Galaxy S25 Plus 12/512 Icyblue
101295,Samsung Galaxy S25 Plus 12/512 Silver
101296,Samsung Galaxy S25 Plus 12/512 Mint
101297,Samsung Galaxy S25 Plus 12/512 Navy
101298,Samsung Galaxy S25 Ultra 12/256 Black
101299,Samsung Galaxy S25 Ultra 12/256 Gray
101300,Samsung Galaxy S25 Ultra 12/256 Whitesilver
101301,Samsung Galaxy S25 Ultra 12/256 Silverblue
101302,Samsung Galaxy S25 Ultra 12/512 Black
101303,Samsung Galaxy S25 Ultra 12/512 Gray
101304,Samsung Galaxy S25 Ultra 12/512 Whitesilver
101305,Samsung Galaxy S25 Ultra 12/512 Silverblue
100991,Samsung Galaxy Z Flip 6 SM-F741 12/256Gb Light Green (EAC)
100992,Samsung Galaxy Z Fold 6 (F956) 12/256 Dark Blue
100993,Samsung Galaxy Z Fold 6 (F956) 12/256 Silver
100994,Samsung Galaxy Z Flip 6 SM-F741 12/512Gb Silver (EAC)
100995,Samsung Galaxy Z Flip 6 SM-F741 12/512Gb Yellow (EAC)
100996,Samsung Galaxy Z Fold 6 SM-F956 12/512Gb Light Pink
100997,Samsung Galaxy Z Fold 6 SM-F956 12/1Tb Silver (EAC) 
100998,Samsung Galaxy Z Fold 6 SM-F956 12/1Tb Dark Blue (EAC)
101360,Xiaomi 14T Pro 5G 12/1024 Grey Dual nano SIM
101361,Xiaomi 14T Pro 5G 12/1024 Blue Dual nano SIM
101362,Xiaomi 14T Pro 5G 12/1024 Black Dual nano SIM
101363,Xiaomi 14T Pro 5G 12/512 Grey Dual nano SIM
101364,Xiaomi 14T Pro 5G 12/512 Black Dual nano SIM
101374,Honor Magic V2 16/512Gb Leather Black
100482,GoPro HERO 12
100483,GoPro HERO 12 Special Bundle
101375," GoPro HERO13, Black Creator Edition "
101376, GoPro HERO13
100486,Oculus quest 3 -128g
100487,Osmo mobile 6 black
100488,Osmo mobile 6 white
100489,Osmo mobile SE
100490,Osmo pocket 3 creator combo
101003,Dji Pocket 3
101004,DJI Pocket 3 Creator Combo
101005,DJI Action 4 Standart Combo
101006,Dji Osmo Action 4 Adventure Combo
101007,DJI MIC
101008,DJI MIC 2
101009,Dji Mini 4 Pro RC-2
100450,"JBL, Boombox 3 black"
100453,"JBL, Xtreme 3 black"
100454,"JBL, Xtreme 3 blue"
100455,"JBL, Charge -5 black"
100456,"JBL, Charge -5 blue"
101377,Портативная колонка JBL Charge 6 Blue 
101378,Портативная колонка JBL Charge 6 Red
101379,Портативная колонка JBL Charge 6 Squad
101380,Портативная колонка JBL Charge 6 White
101381,Портативная акустика JBL Flip 7 Blue
101382,Портативная колонка JBL Flip 7 Purple
101383,Портативная колонка JBL Flip 7 Red
101384,Портативная колонка JBL Flip 7 Squad
101388,Портативная колонка JBL Flip 7 Pink
101385,Портативная колонка JBL Flip 7 White
101386,Портативная колонка JBL XTREME 4 Blue
101387,Портативная колонка JBL XTREME 4 Camo
101010,"Умная колонка Новая Яндекс Станция Лайт 2 с Алисой на YaGPT, розовый, 6Вт"
101011,"Умная колонка Новая Яндекс Станция Лайт 2 с Алисой на YaGPT, синий, 6Вт"
101012,"Умная колонка Новая Яндекс Станция Лайт 2 с Алисой на YaGPT, фиолетовый, 6Вт"
101134,Яндекс Макс 3.75 (Zigbee) Green
101135,Яндекс Макс 3.75 (Zigbee) Turquoise (мятный)
101136,Яндекс Макс 3.75 (Zigbee) Black
101137,Яндекс Макс 3.75 (Zigbee) Beige
101138,Яндекс Станция Миди Silver
101139,Яндекс Станция Миди Orange
101140,Яндекс Станция Миди Raspberry
101141,Яндекс Станция Миди Black
101142,Яндекс Станция Миди Green
101143,Яндекс Станция Дуо (с экраном) Black
101144,Яндекс Станция Дуо (с экраном)  Beige
101145,Яндекс Станция Дуо (с экраном) Red
101146,Яндекс Станция Дуо (с экраном) Green
101147,Яндекс Станция 2 Black
101148,Яндекс Станция 2 Blue
101149,Яндекс Станция 2 Beige
101150,Яндекс Станция Мини 2 Black
101151,Яндекс Станция Мини 2 Blue 
101152,Яндекс Станция Мини 2 Raspberry
101153,Яндекс Станция Мини 2 grey
101154,Яндекс Станция Мини 2 (с часами) Silver
101155,Яндекс Станция Мини 2 (с часами) Red
101156,Яндекс Станция Мини 2 (с часами) Black
101157,Яндекс Станция Мини 2 (с часами) Blue
101158,Яндекс Станция Мини 3 (с часами) Black
101159,Яндекс Станция Мини 3 (с часами) luel
101160,Яндекс Станция Мини 3 (с часами) Gray
101161,Яндекс Станция Лайт Yellow
101162,Яндекс Станция Лайт Red
101163,Яндекс Станция Лайт Purple
101164,Яндекс Станция Лайт Beige
101165,Яндекс Станция Лайт Turquoise
101166,Яндекс Станция Лайт Pink
101167,Яндекс Станция Лайт 2 green
101168,Яндекс Станция Лайт 2 coral
100107,"Apple MacBook Pro 14 2023 M3 8Gb/1Tb, MTL83, (Space Gray) 14.2                                                 "
100108,"Apple MacBook Pro 14 2023 M3 8Gb/1Tb, MR7K3, (Silver) 14.2                                                 "
100109,"Apple MacBook Pro 14 2023 M3 8Gb/512Gb, MR7J3, (Silver) 14.2                                                 "
100110,"Apple MacBook Pro 14 2023 M3 8Gb/512Gb, MTL73, (Space Gray) 14.2                                                 "
100195,"MacBook Pro 14 2023, Apple M3 Pro, RAM 18 GB, SSD 1 TB, Apple graphics 18-core, MRX73, Silver"
100196,"MacBook Pro 14 2023, Apple M3 Pro, RAM 18 GB, SSD 1 TB, Apple graphics 18-core, MRX43, Space Black"
100197,"MacBook Pro 14 2023, Apple M3 Pro, RAM 18 GB, SSD 512 GB, Apple graphics 18-core, MRX33, Space Black"
100198,"MacBook Pro 14 2023, Apple M3 Pro, RAM 18 GB, SSD 512 GB, Apple graphics 18-core, MRX63, Silver"
100117,"MacBook Pro 16 2023 M3 Pro 18Gb/512Gb, MRW13, (Space Black)"
100194,"Macbook Pro 16 M3 Pro 18GB/512Gb, MRW43, Silver"
101190,"MacBook Pro 14 m4, 10-Core, 16GB RAM, 512GB SSD, Space Black"
101191,"MacBook Pro 14 m4, 10-Core, 16GB RAM, 512GB SSD, Silver"
101192,"MacBook Pro 14 m4, 10-Core, 16GB RAM, 1TB SSD, Space Black"
101193,"MacBook Pro 14 m4, 10-Core, 16GB RAM, 1TB SSD, Silver"
101194,"MacBook Pro 14 m4, 10-Core, 24GB RAM, 1TB SSD, Space Black"
101195,"MacBook Pro 14 m4, 10-Core, 24GB RAM, 1TB SSD, Silver"
101196,"MacBook Pro 14 m4 Pro, 12-Core CPU, 16-Core GPU, 24GB RAM, 512GB SSD, Space Black"
101197,"MacBook Pro 14 m4 Pro, 12-Core CPU, 16-Core GPU, 24GB RAM, 512GB SSD, Silver"
101198,"MacBook Pro 14 m4 Pro, 14-Core CPU, 20-Core GPU, 24GB RAM, 1TB SSD, Space Black"
101199,"MacBook Pro 14 m4 Pro, 14-Core CPU, 20-Core GPU, 24GB RAM, 1TB SSD, Silver"
101200,"MacBook Pro 16 m4 Pro, 14-Core CPU, 20-Core GPU, 24GB RAM, 512GB SSD, Space Black"
101201,"MacBook Pro 16 m4 Pro, 14-Core CPU, 20-Core GPU, 24GB RAM, 512GB SSD, Silver"
101202,"MacBook Pro 16 m4 Pro, 14-Core CPU, 20-Core GPU, 48GB RAM, 512GB SSD, Space Black"
101203,"MacBook Pro 16 m4 Pro, 14-Core CPU, 20-Core GPU, 48GB RAM, 512GB SSD, Silver"
100200,"MacBook Air 13 2022, Apple M2, RAM 8 GB, SSD 256 GB, Apple graphics 8-core, MLXW3, Space Gray"
100201,"MacBook Air 13 2022, Apple M2, RAM 8 GB, SSD 256 GB, Apple graphics 8-core, MLXY3, Silver"
100202,"MacBook Air 13 2022, Apple M2, RAM 8 GB, SSD 256 GB, Apple graphics 8-core, MLY13, Starlight"
100203,"MacBook Air 13 2022, Apple M2, RAM 8 GB, SSD 256 GB, Apple graphics 8-core, MLY33, Midnight"
100204,"Apple MacBook Air 13 2022, Apple M2, RAM 8 GB, SSD 512 GB,10-core, MLY03, Silver"
100205,"Apple MacBook Air 13 2022, Apple M2, RAM 8 GB, SSD 512 GB,10-core, MLY43, Midnight"
100206,"Apple MacBook Air 13 2022, Apple M2, RAM 8 GB, SSD 512 GB,10-core, MLXX3, Space Gray"
100207,"Apple MacBook Air 13 2022, Apple M2, RAM 8 GB, SSD 512 GB, 10-core, MLY23, Starlight"
100199,"MacBook Air 15 2023, Apple M2 3 ГГц, RAM 8 GB, SSD 256 GB, Apple graphics 10-core, MQKW3, midnight"
100121,"Apple MacBook Air 15 2023 M2 Chip 8Gb/256Gb, MQKR3, (Silver)"
100122,"Apple MacBook Air 15 2023 M2 Chip 8Gb/256Gb, MQKP3, (Space Gray)"
100123,"Apple MacBook Air 15 2023 M2 Chip 8Gb/256Gb, MQKU3, (Starlight)"
100124,"Apple MacBook Air 15 2023 M2 Chip 8Gb/512Gb, MQKV3, (Starlight)"
100125,"Apple MacBook Air 15 2023 M2 Chip 8Gb/512Gb, MQKT3, (Silver)"
100126,"Apple MacBook Air 15 2023 M2 Chip 8Gb/512Gb, MQKQ3, (Space Gray)"
100127,"Apple MacBook Air 15 2023 M2 Chip 8Gb/512Gb, MQKX3, (Midnight)"
100208,Apple Macbook Air 13 M3 8Gb/256Gb 2024 MRXQ3 Silver
100209,Apple Macbook Air 13 M3 8Gb/256Gb 2024 MRXV3 Midnight
100251,"MacBook Air 13 (M3 8-Core, 2024) 8Gb/256GB, MRXN3, Space Gray"
100252,"MacBook Air 13 (M3 8-Core, 2024) 8Gb/256GB, MRXT3, Starlight"
100253,"Apple MacBook Air 13 2024, Apple M3, 8Gb/512Gb, 10-core, MRXP3, space gray"
100254,"Apple MacBook Air 13 2024, Apple M3, 8Gb/512Gb, 10-core, MRXW3, midnight"
100255,"Apple MacBook Air 13 2024, Apple M3, 8Gb/512Gb, 10-core, MRXR3, silver"
100256,"Apple MacBook Air 13 2024, Apple M3, 8Gb/512Gb, 10-core, MRXU3, starlight"
100257,"Apple MacBook Air 13 2024, Apple M3, 16Gb/512Gb, 10-core, MXCR3, space gray"
100288,Macbook Air 13 M3 16Gb/512Gb Starlight  (MXCU3)
100289,Macbook Air 13 M3 16Gb/512Gb Midnight (MXCV3)
100291,Macbook Air 13 M3 16Gb/512Gb Silver (MXCT3)
101232,Macbook air 13 m3 16/256GB Space Gray
101233,Macbook air 13 m3 16/256GB Silver
101234,Macbook air 13 m3 16/256GB Starlight
101235,Macbook air 13 m3 16/256GB Midnight
100284,"MacBook Air 15 M3 8Gb/256Gb, Space Gray (MRYM3) 2024"
100285,"Macbook Air 15 M3 8Gb/256Gb, Midnight(MRYU3) 2024"
100286,"Macbook Air 15 M3 8Gb/256Gb, Silver(MRYP3) 2024"
100287,"Macbook Air 15 M3 8Gb/256Gb, Starlight(MRYR3) 2024"
100329,"MacBook Air 15 M3, RAM 8 GB, SSD 512 GB, Apple graphics 10-core, MRYN3LL/A, space gray"
100330,"MacBook Air 15 M3, RAM 8 GB, SSD 512 GB, Apple graphics 10-core, MRYV3LL/A, midnight"
100331,"MacBook Air 15 M3, RAM 8 GB, SSD 512 GB, Apple graphics 10-core, MRYT3LL/A, Starlight"
100332,"MacBook Air 15 M3, RAM 8 GB, SSD 512 GB, Apple graphics 10-core, MRYQ3LL/A, Silver"
100292,MacBook Air 15 M3 16Gb/512Gb Space Gray(MXD13)
100293,MacBook Air 15 M3 16Gb/512Gb Silver(MXD23)
100294,MacBook Air 15 M3 16Gb/512Gb Starlight (MXD33)
100295,MacBook Air 15 M3 16Gb/512Gb Midnight (MXD43)
101277,Macbook air 15 m3 16/256GB Space Gray
101278,Macbook air 15 m3 16/256GB Silver
101279,Macbook air 15 m3 16/256GB Starlight
101280,Macbook air 15 m3 16/256GB Midnight
101326,MacBook Air M4 13 16GB/256GB Midnight 2025
101327,MacBook Air M4 13 16GB/256GB Sky Blue 2025
101345,MacBook Air 13  M4 16GB/256GB Starlight 2025
101339,MacBook Air M4 13 16/256GB Silver 2025
101324,MacBook Air M4 13 16GB/512GB Midnight 2025
101325,MacBook Air M4 13 16GB/512GB Sky Blue 2025
101344,MacBook Air 13  M4 16GB/512GB Starlight 2025
101341,MacBook Air M4 13 16/512GB Silver 2025
101322,MacBook Air 13 M4 RAM 24GB SSD 512GB Midnight 2025
101323,MacBook Air M4 13 RAM 24GB SSD 512GB Sky Blue 2025
101343,MacBook Air 13 M4 24GB/512GB Starlight 2025
101340,MacBook Air M4 13 24/512GB Silver 2025
101328,MacBook Air M4 15 16GB/256GB Sky Blue 2025
101329,MacBook Air M4 15 16GB/256GB Midnight 2025
101338,MacBook Air 15  M4 16GB/256GB Starlight 2025
101342,MacBook Air M4 15 16/256GB Silver 2025
101330,MacBook Air M4 15 16GB/512GB Sky Blue 2025
101331,MacBook Air M4 15 16GB/512GB Midnight 2025
101336,MacBook Air 15  M4 16GB/512GB Starlight 2025
101337,MacBook Air M4 15 16/512GB Silver 2025
101332,MacBook Air M4 15 24GB/512GB Sky Blue 2025
101333,MacBook Air M4 15 24GB/512GB Midnight 2025
101334,MacBook Air 15  M4 24GB/512GB Starlight 2025
101335,MacBook Air M4 15 24/512GB Silver 2025
101171,"Apple mac mini m4, 10-core, 16GB 256GB"
101172,"Apple mac mini m4, 10-core, 16GB 512GB"
101173,"Apple mac mini m4, 10-core, 24GB 512GB"
100114,"macbook pro 14 16/1 m2  space gray, MPHF3LL/A,"
100472,Sony WH 1000-XM4 Black
100473,Sony WH 1000-XM4 Silver
100474,Sony WH 1000-XM4 Blue
100475,Sony WH-1000 XM5 Black 
100476,Sony WH-1000 XM5 Silver 
100477,Sony WH-1000 XM5 Blue  
101404, Sony WH-1000XM6 Midnight Blue
101405,Sony WH-1000XM6 Platinum Silver
101406,Sony WH-1000XM6 Black
100478,Наушники Sony WF-1000XM5 Silver
100479,Наушники Sony WH-ULT900N 
100421,"Marshall Major IV, mini jack 3.5 mm, black"
100422,"Marshall Major IV EU, brown"
100162,Samsung galaxy buds 2 pro graphite
100163,Samsung galaxy buds 2 pro white
100451,Jbl tune 760 black
100452,Jbl tune flex
101169,"Apple Airpods 4, без шумоподавления"
101170,"Apple Airpods 4, с шумоподавлением"
100130,Airpods Pro2 magsafe USB-C
101114,Apple AirPods Max 2 Midnight
101115,Apple AirPods Max 2 Starlight
101116,Apple AirPods Max 2 Purple
101117,Apple AirPods Max 2 Orange
101118,Apple AirPods Max 2 Blue
100050,Apple AirPods Max Pink
100051,Apple AirPods Max Silver
100052,Apple AirPods Max Space Gray
100053,Apple AirPods Max Green
100054,Apple AirPods Max Blue
100258,"Apple Watch Series SE Gen 2 2023 40 mm Aluminium Case GPS, midnight Sport Band M/L"
100259,"Apple Watch Series SE Gen 2 2023 40 mm Aluminium Case GPS, midnight Sport Band S/M"
100260,"Apple Watch Series SE Gen 2 2023 40 mm Aluminium Case GPS, midnight Sport loop"
100261,"Apple Watch Series SE Gen 2 2023 40 mm Aluminium Case GPS, Silver/Storm Blue Sport Band S/M"
100262,"Apple Watch Series SE Gen 2 2023 40 mm Aluminium Case GPS, Silver/winter blue Sport loop"
100426,"Apple Watch Series SE Gen 2 40 mm Aluminium Case GPS, silver/blue Sport Band, M/L"
100263,"Apple Watch Series SE Gen 2 2023 40 mm Aluminium Case GPS, starlight Sport Band M/L"
100264,"Apple Watch Series SE Gen 2 2023 40 mm Aluminium Case GPS, starlight Sport Band S/M"
100265,"Apple Watch Series SE Gen 2 2023 40 mm Aluminium Case GPS, starlight Sport loop"
100266,"Apple Watch Series SE Gen 2 44 mm Aluminium Case GPS, midnight Sport Band M/L"
100267,"Apple Watch Series SE Gen 2 44 mm Aluminium Case GPS, midnight Sport Band S/M"
100268,"Apple Watch Series SE Gen 2 2023 44 mm Aluminium Case GPS, Silver/Storm Blue Sport Band M/L"
100269,"Apple Watch Series SE Gen 2 2023 44 mm Aluminium Case GPS, Silver/Storm Blue Sport Band S/M"
100270,"Apple Watch Series SE Gen 2 2023 44 mm Aluminium Case GPS, starlight Sport Band M/L"
100271,"Apple Watch Series SE Gen 2 2023 44 mm Aluminium Case GPS, Starlight Sport Loop"
100283,"Apple Watch Series SE Gen 2 2023 44 mm Aluminium Case GPS, starlight Sport Band S/M"
101236,Apple Watch SE Gen 2 2024 40mm Starlight Sport Loop
101237,Apple Watch SE Gen 2 2024 40mm Midnight Sport Loop
101238,Apple Watch SE Gen 2 2024 40mm Silver Sport Loop
101239,Apple Watch SE Gen 2 2024 40mm Starlight Sport Band s/m
101240,Apple Watch SE Gen 2 2024 40mm Starlight Sport Band m/l
101241,Apple Watch SE Gen 2 2024 40mm Midnight Sport Band s/m
101242,Apple Watch SE Gen 2 2024 40mm Midnight Sport Band m/l
101243,Apple Watch SE Gen 2 2024 40mm silver Sport Band s/m
101244,Apple Watch SE Gen 2 2024 40mm silver Sport Band m/l
101245,Apple Watch SE Gen 2 2024 44mm Starlight Sport Loop
101246,Apple Watch SE Gen 2 2024 44mm Midnight Sport Loop
101247,Apple Watch SE Gen 2 2024 44mm Silver Sport Loop
101248,Apple Watch SE Gen 2 2024 44mm Starlight Sport Band s/m
101249,Apple Watch SE Gen 2 2024 44mm Starlight Sport Band m/l
101250,Apple Watch SE Gen 2 2024 44mm Midnight Sport Band s/m
101251,Apple Watch SE Gen 2 2024 44mm Midnight Sport Band m/l
101252,Apple Watch SE Gen 2 2024 44mm silver Sport Band s/m
101253,Apple Watch SE Gen 2 2024 44mm silver Sport Band m/l
101119,Apple Watch S10 42mm Aluminum GPS Silver SB 
101120,Apple Watch S10 42mm Aluminum GPS Rose Gold SB 
101121,Apple Watch S10 42mm Aluminum GPS Jet Black SB 
101122,Apple Watch S10 46mm Aluminum GPS Silver SB 
101123,Apple Watch S10 46mm Aluminum GPS Rose Gold SB 
101124,Apple Watch S10 46mm Aluminum GPS Jet Black SB 
101260,Apple Watch S10 42mm Aluminum GPS Jet Black Sport Loop
101261,Apple Watch S10 46mm Aluminum GPS Jet Black Sport Loop
101262,Apple Watch S10 46mm  Aluminum GPS Rose Gold Sport Loop
101263,Apple Watch S10 42mm Aluminum GPS Rose Gold Sport Band (M/L)
101264,Apple Watch S10 46mm  Aluminum GPS Jet Black Sport Band (M/L)
101265,Apple Watch S10 46mm Aluminum GPS Rose Gold Sport Band (M/L)
101266,Apple Watch S10 46mm Aluminum GPS Silver Denim Sport Band (M/L)
101317,Apple Watch S10 42 mm Silver Aluminum Case M/L Sport Band
101318,Apple Watch S10 42 mm M/L Jet Black Aluminum Case Sport Band
101319,Apple Watch S10 42 mm Rose Gold Aluminum Case Sport Loop
101320,Apple Watch S10 42 mm Silver Aluminum Case Sport Loop
101321,"Apple Watch Series 10 46mm, GPS Silver Aluminium Case with Blue Cloud Sport Loop"
101204,"Apple Watch Ultra 2 49mm Alpine Loop, LTE, Olive M"
100279,"Apple Watch Ultra 2 49mm Trail Loop, LTE, Green/Gray S/M "
101205,"Apple Watch Ultra 2 49mm Trail Loop, LTE, Orange/Beige S/M"
101207,"Apple Watch Ultra 2 49mm, 2024, Trail Loop, LTE, Blue/Black M/L"
101208,"Apple Watch Ultra 2 49mm, Trail Loop, LTE, Blue Black  S/M"
101209,"Apple Watch Ultra 2 49mm Green Gray Trail Loop, LTE, M/L "
101210,"Apple Watch Ultra 2 49mm Blue Alpine Loop, LTE, L"
101211,"Apple Watch Ultra 2 49mm Blue Alpine Loop, LTE, M"
101212,"Apple Watch Ultra 2 49mm White Ocean Band, LTE, L"
101213,"Apple Watch Ultra 2 49mm Orange Trail Loop, LTE, S/M"
101214,"Apple Watch Ultra 2 49mm Orange, LTE, S/M"
101215,"Apple Watch Ultra 2 49mm Orange Ocean Band, LTE, L"
101216,"Apple Watch Ultra 2 49mm Olive Alpine Loop, LTE, L"
101217,"Apple Watch Ultra 2 49mm Olive Alpine Loop, LTE, S"
101218,"Apple Watch Ultra 2 49mm Indigo Alpine Loop, LTE, M"
101219,"Apple Watch Ultra 2 49mm Indigo Alpine Loop, LTE, L"
101220,"Apple Watch Ultra 2 49mm Tan Alpine Loop, LTE, M"
101221,"Apple Watch Ultra 2 49mm, 2024, Natural Titanium Blue Trail Loop, LTE, M/L"
101222,"Apple Watch Ultra 2 49mm, 2024, Natural Titanium Black Ocean Band, LTE, L"
101223,"Apple Watch Ultra 2 49mm, 2024, Black Titanium Black Ocean Band, LTE, L"
101224,"Apple Watch Ultra 2 49mm, 2024, Black Titanium Black Ocean Band, LTE, M"
101225,"Apple Watch Ultra 2 49mm, 2024, Black Titanium Black Trail Loop, LTE, M/L"
101226,"Apple Watch Ultra 2 49mm, 2024, Natural Titanium Tan Alpine Loop, L"
101227,"Apple Watch Ultra 2 49mm, 2024, Natural Titanium Tan Alpine Loop, LTE, M"
101228,"Apple Watch Ultra 2 49mm Natural Titanium Navy Ocean Band, LTE, M"
101229,"Apple Watch Ultra 2 49mm Dark Green, LTE, M"
101230,"Apple Watch Ultra 2 49mm Black Titanium Dark Green Alpine Loop, LTE, M/L"
101231,"Apple Watch Ultra 2 49mm Dark Green Alpine Loop, LTE, L"
101316,"Apple Watch Ultra 2 49mm, 2024, Natural Titanium Blue Trail Loop, LTE, S/M"
100103,"неликвид Apple Watch Series 9 45 мм Aluminium Case GPS, Silver/Winter Blue Sport Loop"
100183,"Неликвид Apple Watch Series 9 41 мм Aluminium Case GPS, starlight Sport Band, S/M"
100090,"Неликвид Apple Watch Series 9 41 мм Aluminium Case GPS, midnight Sport Band, M/L"
100247,"Steam deck 64 gb, LCD"
100248,"Steam deck 256 gb, LCD"
100249,"Steam deck 512 gb, LCD"
100250,Steam deck 512 gb OLED
100430,SteamDeck oled 1TB
101347,"Sony PlayStation 5 Slim Digital Edition, 1ТБ"
101346," Sony PlayStation 5 Pro Digital Edition, 2000 ГБ "
100129,"Sony PlayStation 5 slim, disc edition"
100282,Sony PlayStation portal
100484,Sony Playstation Vr2
100485,Sony Playstation Vr2 - ps5 +Horizon call of the mountain
101131,Meta Quest 3 512GB
101132,Meta Quest 3S 128GB
101133,Meta Quest 3S 256GB
100365,Apple Pencil Pro (2024)
100134,Apple Magic Mouse 3
100135,Apple Pencil 2nd Gen
100136,Apple Pencil 3nd Gen
100137,Addapter Apple USB-C 
101365,Стайлер HS05 Long Ceramic Pop
101366,Стайлер HS05 Long Prussian Blue
101367,Стайлер  HS05 Long Blush/Blue
101368,Стайлер HS05 Long Strawberry Bronze/Blush Pink
101369,Стайлер HS05 Long Nickel/Copper 
101370,Dyson HS08 Airwrap Strawberry Bronze Airwrap i.d.™️
101371,Dyson HS08 Airwrap Vinca Blue Topaz Airwrap i.d.™️
101372,Dyson HS08 Airwrap Red Velvet Airwrap i.d.™️
101373,Dyson HS08 Airwrap Ceramic Patina Topaz Airwrap i.d.™️
